published_papers,,,,,,,,,,,,,,,,,,,,,,,,,,,,,,,,
アクション名,アクションタイプ,類似業績マージ優先度,ID,タイトル(日本語),タイトル(英語),著者(日本語),著者(英語),担当区分,概要(日本語),概要(英語),出版者・発行元(日本語),出版者・発行元(英語),出版年月,誌名(日本語),誌名(英語),巻,号,開始ページ,終了ページ,記述言語,査読の有無,招待の有無,掲載種別,国際・国内誌,国際共著,DOI,ISSN,eISSN,URL,URL2,主要な業績かどうか,公開の有無
insert,merge,null,53429043,null,Design and one-shot fabrication of a 2-DOF tendon-driven robotic finger via additive manufacturing using continuous CFRP,null,"[Koki Jimbo,Shinya Morita,Toshitake Tateno]","[lead,corresponding]",null,null,null,Springer Science and Business Media LLC,2026/4/21,null,The International Journal of Advanced Manufacturing Technology,null,null,null,null,eng,TRUE,FALSE,scientific_journal,null,null,10.1007/s00170-026-18134-1,0268-3768,1433-3015,https://link.springer.com/content/pdf/10.1007/s00170-026-18134-1.pdf,https://link.springer.com/article/10.1007/s00170-026-18134-1,TRUE,disclosed
insert,merge,null,50370988,null,Design and simulation of inchworm robot locomotion for mobile additive manufacturing,null,[Koki Jimbo],"[lead,corresponding]",null,null,null,Japan Society for Simulation Technology,2025,null,Journal of Advanced Simulation in Science and Engineering,12,1,295,310,null,TRUE,null,scientific_journal,null,null,10.15748/jasse.12.295,null,2188-5303,https://www.jstage.jst.go.jp/article/jasse/12/1/12_295/_pdf,null,FALSE,disclosed
insert,merge,null,49643191,null,Design Optimization of Continuous Fiber Arrangement Using Lamination Parameters in Material Extrusion-Based Additive Manufacturing,null,"[Koki Jimbo,Tohru Shitani,Satoshi Nakajima,Shinya Morita]","[lead,corresponding]",null,"Continuous carbon fiber-reinforced polymer (CFRP) can be used in material extrusion-based additive manufacturing (AM). By appropriately arranging and orienting the continuous fibers, lightweight or high-strength mechanical parts and structures with complex deformation behavior and locally modified stiffness can be fabricated. Although many studies have been conducted to optimize the arrangement of continuous fibers fabricated using CFRP in AM, most of them have focused on the mechanical properties of the fabricated object in the lamination plane. This focus is due to the characteristics of AM, in which continuous fibers are placed in a plane and then layered, allowing for optimization at a relatively low computational cost. However, the computational cost of targeting mechanical properties outside the fabrication plane is enormous, making optimization design difficult. Furthermore, if the fiber material is arranged discontinuously, a process to cut the fibers is required during fabrication, resulting in decreased productivity and fabrication accuracy. Therefore, it is necessary to optimize the fiber arrangement, considering the continuity of the fiber material. To address these problems, this study aims to propose an efficient fiber arrangement optimization method, considering the continuity of the fiber material. For efficient stiffness optimization, the stiffness is represented by a combination of lamination parameters that have been used in the lamination design of CFRP sheets. A genetic algorithm was employed as the optimization algorithm. The proposed method using lamination parameters was implemented, and a case study of fiber arrangement optimization was performed on a simple structure. In addition, a full search was performed to evaluate all possible fiber arrangements for the target structure. The results of the proposed method and the full search confirmed the reliability of the proposed method, which achieved results that were equivalent to the best results obtained in the full search. In addition, a conventional method that directly optimizes the fiber arrangement as a design parameter was implemented. This result was compared with that of the proposed method. For a simple structure with a small number of layers, averaged over 20 runs, the conventional method converged faster than the proposed method, but the convergence speed worsened as the number of layers increased. Moreover, the fiber arrangement obtained by the conventional method was less continuous than the result of the proposed method. These results confirm the usefulness of the proposed method.",null,Fuji Technology Press Ltd.,Sep-24,null,International Journal of Automation Technology,18,5,712,720,null,TRUE,null,scientific_journal,null,null,10.20965/ijat.2024.p0712,1881-7629,1883-8022,https://www.fujipress.jp/main/wp-content/themes/Fujipress/hyosetsu.php?ppno=IJATE001800050012,null,TRUE,disclosed
insert,merge,null,46715707,null,Material extrusion-based additive manufacturing with multi-legged robot: fundamental investigation of path planning and manufacturing capabilities,null,[Koki Jimbo],"[lead,corresponding]",null,null,null,Japan Society for Simulation Technology,2024,null,Journal of Advanced Simulation in Science and Engineering,11,1,222,235,eng,TRUE,null,scientific_journal,null,null,10.15748/jasse.11.222,null,2188-5303,https://www.jstage.jst.go.jp/article/jasse/11/1/11_222/_pdf,null,TRUE,disclosed
insert,merge,null,37582012,null,Graph-based optimization of continuous extrusion path in FRP-AM for compliant mechanism fabrication,null,"[Koki JIMBO,Toshitake TATENO]","[lead,corresponding]",null,null,null,Japan Society of Mechanical Engineers,2023,null,"Journal of Advanced Mechanical Design, Systems, and Manufacturing",17,1,JAMDSM0005,JAMDSM0005,eng,TRUE,null,scientific_journal,null,null,10.1299/jamdsm.2023jamdsm0005,null,1881-3054,https://www.jstage.jst.go.jp/article/jamdsm/17/1/17_2023jamdsm0005/_pdf,null,TRUE,disclosed
insert,merge,null,37582011,null,Design optimization of infill pattern structure and continuous fiber path for CFRP-AM: Simultaneous optimization of topology and fiber arrangement for minimum material cost,null,"[Koki Jimbo,Toshitake Tateno]","[lead,corresponding]",null,null,null,Elsevier BV,Mar-22,null,Precision Engineering,74,null,447,459,eng,TRUE,null,scientific_journal,null,null,10.1016/j.precisioneng.2021.10.009,0141-6359,null,null,null,TRUE,disclosed
insert,merge,null,37582013,CFRP-AMで製作されたインフィルパターン構造を要素とするFEMシミュレーション,FEM Simulation as an Element Based on Infill Pattern Structures Fabricated with CFRP-AM,"[神保康紀\,舘野寿丈]","[Koki Jimbo,Toshitake Tateno]","[lead,corresponding]",null,null,精密工学会,The Japan Society for Precision Engineering,Jan-21,精密工学会誌,Journal of JSPE,87,1,127,133,jpn,TRUE,FALSE,scientific_journal,FALSE,null,10.2493/jjspe.87.127,null,null,null,null,FALSE,disclosed
insert,merge,null,37582015,null,Shape Contraction in Sintering of 3D Objects Fabricated via Metal Material Extrusion in Additive Manufacturing,null,"[Koki Jimbo,Toshitake Tateno]",[lead],null,"Additive manufacturing (AM) using metal materials (metal AM) is useful in the fabrication of metal parts with complex shapes, which are difficult to manufacture via subtractive processing. Metal AM is employed in the manufacture of final products as well as in prototyping. Recently, certain metal-AM machines have been commercialized. Powder-bed fusion and direct energy deposition are the main types of metal AM; they require the use of a high-power laser or electron beam and most of them are highly expensive. On the other hand, AM machines of the material-extrusion (ME) type can fabricate metal parts at a low cost. ME is the method of extruding materials from a nozzle and fabricating thin layers. By mixing a metal filler with a base material, it is possible to impart various mechanical properties to the extruded material, such as electrical or thermal conductivity. If the extruded material is baked in a furnace after fabrication, the object can be sintered. During the sintering process, the fabricated objects always shrink and dimensional errors occur. One of the reasons for the shrinkage is that voids are generated inside the object after the degreasing process and collapse during the sintering process. Because the void is generated as a space by replacing a binder that becomes vaporized during the degreasing process, the shrinkage may be controlled by decreasing the content in polymers. In this study, the effect of the metal filler density on the shrinkage in shape was investigated through experiments using two types of metal ME AM. One type is the fused filament fabrication (FFF), in which a material that consists of a metal filler and fused plastics is extruded; the other type is the ultrasonic vibration-assisted ME (UVAME) device, in which a metal powder suspension with a small amount of thickening polymer is extruded. In the latter method, materials with an extremely high density in metal fillers were used; it was considered that degreasing was not required. Two types of specimens were fabricated using AM devices; they were then degreased and sintered. The resulting shapes of the objects were measured with a 3D scanner and were compared. The experimental results showed that the shrinkage of the material with a high density of metal fillers was less than that of the material with a low density of metal fillers.",null,Fuji Technology Press Ltd.,2019/5/5,null,International Journal of Automation Technology,13,3,354,360,null,TRUE,null,scientific_journal,null,null,10.20965/ijat.2019.p0354,1881-7629,1883-8022,https://www.fujipress.jp/main/wp-content/themes/Fujipress/phyosetsu.php?ppno=IJATE001300030004,null,FALSE,disclosed
insert,merge,null,37582016,AMによる製作を想定した引張強度に関して等方性を有する格子構造の設計,Design of isotropic-tensile-strength lattice structure fabricated by AM,"[神保康紀\,舘野寿丈]","[Koki Jimbo,Toshitake Tateno]",[lead],null,null,日本機械学会,The Japan Society of Mechanical Engineers,Mar-19,日本機械学会論文集,Transactions of the JSME (in Japanese),85,871,p. 18-00098,null,jpn,TRUE,FALSE,scientific_journal,FALSE,null,10.1299/transjsme.18-00098,null,null,null,null,FALSE,disclosed
